,numaffairs,gender,age,yearsmarried,children,religiousness,education,occupation,rating,affairs
4,0,male,37,10,no,3,18,7,4,no
5,0,female,27,4,no,4,14,6,4,no
11,0,female,32,15,yes,1,12,1,4,no
16,0,male,57,15,yes,5,18,6,5,no
23,0,male,22,0.75,no,2,17,6,3,no
29,0,female,32,1.5,no,2,17,5,5,no
44,0,female,22,0.75,no,2,12,1,3,no
45,0,male,57,15,yes,2,14,4,4,no
47,0,female,32,15,yes,4,16,1,2,no
49,0,male,22,1.5,no,4,14,4,5,no
50,0,male,37,15,yes,2,20,7,2,no
55,0,male,27,4,yes,4,18,6,4,no
64,0,male,47,15,yes,5,17,6,4,no
80,0,female,22,1.5,no,2,17,5,4,no
86,0,female,27,4,no,4,14,5,4,no
93,0,female,37,15,yes,1,17,5,5,no
108,0,female,37,15,yes,2,18,4,3,no
114,0,female,22,0.75,no,3,16,5,4,no
115,0,female,22,1.5,no,2,16,5,5,no
116,0,female,27,10,yes,2,14,1,5,no
123,0,female,22,1.5,no,2,16,5,5,no
127,0,female,22,1.5,no,2,16,5,5,no
129,0,female,27,10,yes,4,16,5,4,no
134,0,female,32,10,yes,3,14,1,5,no
137,0,male,37,4,yes,2,20,6,4,no
139,0,female,22,1.5,no,2,18,5,5,no
147,0,female,27,7,no,4,16,1,5,no
151,0,male,42,15,yes,5,20,6,4,no
153,0,male,27,4,yes,3,16,5,5,no
155,0,female,27,4,yes,3,17,5,4,no
162,0,male,42,15,yes,4,20,6,3,no
163,0,female,22,1.5,no,3,16,5,5,no
165,0,male,27,0.417,no,4,17,6,4,no
168,0,female,42,15,yes,5,14,5,4,no
170,0,male,32,4,yes,1,18,6,4,no
172,0,female,22,1.5,no,4,16,5,3,no
184,0,female,42,15,yes,3,12,1,4,no
187,0,female,22,4,no,4,17,5,5,no
192,0,male,22,1.5,yes,1,14,3,5,no
194,0,female,22,0.75,no,3,16,1,5,no
210,0,male,32,10,yes,5,20,6,5,no
217,0,male,52,15,yes,5,18,6,3,no
220,0,female,22,0.417,no,5,14,1,4,no
224,0,female,27,4,yes,2,18,6,1,no
227,0,female,32,7,yes,5,17,5,3,no
228,0,male,22,4,no,3,16,5,5,no
239,0,female,27,7,yes,4,18,6,5,no
241,0,female,42,15,yes,2,18,5,4,no
245,0,male,27,1.5,yes,4,16,3,5,no
249,0,male,42,15,yes,2,20,6,4,no
262,0,female,22,0.75,no,5,14,3,5,no
265,0,male,32,7,yes,2,20,6,4,no
267,0,male,27,4,yes,5,20,6,5,no
269,0,male,27,10,yes,4,20,6,4,no
271,0,male,22,4,no,1,18,5,5,no
277,0,female,37,15,yes,4,14,3,1,no
290,0,male,22,1.5,yes,5,16,4,4,no
292,0,female,37,15,yes,4,17,1,5,no
293,0,female,27,0.75,no,4,17,5,4,no
295,0,male,32,10,yes,4,20,6,4,no
299,0,female,47,15,yes,5,14,7,2,no
320,0,male,37,10,yes,3,20,6,4,no
321,0,female,22,0.75,no,2,16,5,5,no
324,0,male,27,4,no,2,18,4,5,no
334,0,male,32,7,no,4,20,6,4,no
351,0,male,42,15,yes,2,17,3,5,no
355,0,male,37,10,yes,4,20,6,4,no
361,0,female,47,15,yes,3,17,6,5,no
362,0,female,22,1.5,no,5,16,5,5,no
366,0,female,27,1.5,no,2,16,6,4,no
370,0,female,27,4,no,3,17,5,5,no
374,0,female,32,10,yes,5,14,4,5,no
378,0,female,22,0.125,no,2,12,5,5,no
381,0,male,47,15,yes,4,14,4,3,no
382,0,male,32,15,yes,1,14,5,5,no
383,0,male,27,7,yes,4,16,5,5,no
384,0,female,22,1.5,yes,3,16,5,5,no
400,0,male,27,4,yes,3,17,6,5,no
403,0,female,22,1.5,no,3,16,5,5,no
409,0,male,57,15,yes,2,14,7,2,no
412,0,male,17.5,1.5,yes,3,18,6,5,no
413,0,male,57,15,yes,4,20,6,5,no
416,0,female,22,0.75,no,2,16,3,4,no
418,0,male,42,4,no,4,17,3,3,no
422,0,female,22,1.5,yes,4,12,1,5,no
435,0,female,22,0.417,no,1,17,6,4,no
439,0,female,32,15,yes,4,17,5,5,no
445,0,female,27,1.5,no,3,18,5,2,no
447,0,female,22,1.5,yes,3,14,1,5,no
448,0,female,37,15,yes,3,14,1,4,no
449,0,female,32,15,yes,4,14,3,4,no
478,0,male,37,10,yes,2,14,5,3,no
482,0,male,37,10,yes,4,16,5,4,no
486,0,male,57,15,yes,5,20,5,3,no
489,0,male,27,0.417,no,1,16,3,4,no
490,0,female,42,15,yes,5,14,1,5,no
491,0,male,57,15,yes,3,16,6,1,no
492,0,male,37,10,yes,1,16,6,4,no
503,0,male,37,15,yes,3,17,5,5,no
508,0,male,37,15,yes,4,20,6,5,no
509,0,female,27,10,yes,5,14,1,5,no
512,0,male,37,10,yes,2,18,6,4,no
515,0,female,22,0.125,no,4,12,4,5,no
517,0,male,57,15,yes,5,20,6,5,no
532,0,female,37,15,yes,4,18,6,4,no
533,0,male,22,4,yes,4,14,6,4,no
535,0,male,27,7,yes,4,18,5,4,no
537,0,male,57,15,yes,4,20,5,4,no
538,0,male,32,15,yes,3,14,6,3,no
543,0,female,22,1.5,no,2,14,5,4,no
547,0,female,32,7,yes,4,17,1,5,no
550,0,female,37,15,yes,4,17,6,5,no
558,0,female,32,1.5,no,5,18,5,5,no
571,0,male,42,10,yes,5,20,7,4,no
578,0,female,27,7,no,3,16,5,4,no
583,0,male,37,15,no,4,20,6,5,no
586,0,male,37,15,yes,4,14,3,2,no
594,0,male,32,10,no,5,18,6,4,no
597,0,female,22,0.75,no,4,16,1,5,no
602,0,female,27,7,yes,4,12,2,4,no
603,0,female,27,7,yes,2,16,2,5,no
604,0,female,42,15,yes,5,18,5,4,no
612,0,male,42,15,yes,4,17,5,3,no
613,0,female,27,7,yes,2,16,1,2,no
621,0,female,22,1.5,no,3,16,5,5,no
627,0,male,37,15,yes,5,20,6,5,no
630,0,female,22,0.125,no,2,14,4,5,no
631,0,male,27,1.5,no,4,16,5,5,no
632,0,male,32,1.5,no,2,18,6,5,no
639,0,male,27,1.5,no,2,17,6,5,no
645,0,female,27,10,yes,4,16,1,3,no
647,0,male,42,15,yes,4,18,6,5,no
648,0,female,27,1.5,no,2,16,6,5,no
651,0,male,27,4,no,2,18,6,3,no
655,0,female,32,10,yes,3,14,5,3,no
667,0,female,32,15,yes,3,18,5,4,no
670,0,female,22,0.75,no,2,18,6,5,no
671,0,female,37,15,yes,2,16,1,4,no
673,0,male,27,4,yes,4,20,5,5,no
701,0,male,27,4,no,1,20,5,4,no
705,0,female,27,10,yes,2,12,1,4,no
706,0,female,32,15,yes,5,18,6,4,no
709,0,male,27,7,yes,5,12,5,3,no
717,0,male,52,15,yes,2,18,5,4,no
719,0,male,27,4,no,3,20,6,3,no
723,0,male,37,4,yes,1,18,5,4,no
724,0,male,27,4,yes,4,14,5,4,no
726,0,female,52,15,yes,5,12,1,3,no
734,0,female,57,15,yes,4,16,6,4,no
735,0,male,27,7,yes,1,16,5,4,no
736,0,male,37,7,yes,4,20,6,3,no
737,0,male,22,0.75,no,2,14,4,3,no
739,0,male,32,4,yes,2,18,5,3,no
743,0,male,37,15,yes,4,20,6,3,no
745,0,male,22,0.75,yes,2,14,4,3,no
747,0,male,42,15,yes,4,20,6,3,no
751,0,female,52,15,yes,5,17,1,1,no
752,0,female,37,15,yes,4,14,1,2,no
754,0,male,27,7,yes,4,14,5,3,no
760,0,male,32,4,yes,2,16,5,5,no
763,0,female,27,4,yes,2,18,6,5,no
774,0,female,27,4,yes,2,18,5,5,no
776,0,male,37,15,yes,5,18,6,5,no
779,0,female,47,15,yes,5,12,5,4,no
784,0,female,32,10,yes,3,17,1,4,no
788,0,female,27,1.5,yes,4,17,1,2,no
794,0,female,57,15,yes,2,18,5,2,no
795,0,female,22,1.5,no,4,14,5,4,no
798,0,male,42,15,yes,3,14,3,4,no
800,0,male,57,15,yes,4,9,2,2,no
803,0,male,57,15,yes,4,20,6,5,no
807,0,female,22,0.125,no,4,14,4,5,no
812,0,female,32,10,yes,4,14,1,5,no
820,0,female,42,15,yes,3,18,5,4,no
823,0,female,27,1.5,no,2,18,6,5,no
830,0,male,32,0.125,yes,2,18,5,2,no
843,0,female,27,4,no,3,16,5,4,no
848,0,female,27,10,yes,2,16,1,4,no
851,0,female,32,7,yes,4,16,1,3,no
854,0,female,37,15,yes,4,14,5,4,no
856,0,female,42,15,yes,5,17,6,2,no
857,0,male,32,1.5,yes,4,14,6,5,no
859,0,female,32,4,yes,3,17,5,3,no
863,0,female,37,7,no,4,18,5,5,no
865,0,female,22,0.417,yes,3,14,3,5,no
867,0,female,27,7,yes,4,14,1,5,no
870,0,male,27,0.75,no,3,16,5,5,no
873,0,male,27,4,yes,2,20,5,5,no
875,0,male,32,10,yes,4,16,4,5,no
876,0,male,32,15,yes,1,14,5,5,no
877,0,male,22,0.75,no,3,17,4,5,no
880,0,female,27,7,yes,4,17,1,4,no
903,0,male,27,0.417,yes,4,20,5,4,no
904,0,male,37,15,yes,4,20,5,4,no
905,0,female,37,15,yes,2,14,1,3,no
908,0,male,22,4,yes,1,18,5,4,no
909,0,male,37,15,yes,4,17,5,3,no
910,0,female,22,1.5,no,2,14,4,5,no
912,0,male,52,15,yes,4,14,6,2,no
914,0,female,22,1.5,no,4,17,5,5,no
915,0,male,32,4,yes,5,14,3,5,no
916,0,male,32,4,yes,2,14,3,5,no
920,0,female,22,1.5,no,3,16,6,5,no
921,0,male,27,0.75,no,2,18,3,3,no
925,0,female,22,7,yes,2,14,5,2,no
926,0,female,27,0.75,no,2,17,5,3,no
929,0,female,37,15,yes,4,12,1,2,no
931,0,female,22,1.5,no,1,14,1,5,no
945,0,female,37,10,no,2,12,4,4,no
947,0,female,37,15,yes,4,18,5,3,no
949,0,female,42,15,yes,3,12,3,3,no
950,0,male,22,4,no,2,18,5,5,no
961,0,male,52,7,yes,2,20,6,2,no
965,0,male,27,0.75,no,2,17,5,5,no
966,0,female,27,4,no,2,17,4,5,no
967,0,male,42,1.5,no,5,20,6,5,no
987,0,male,22,1.5,no,4,17,6,5,no
990,0,male,22,4,no,4,17,5,3,no
992,0,female,22,4,yes,1,14,5,4,no
995,0,male,37,15,yes,5,20,4,5,no
1009,0,female,37,10,yes,3,16,6,3,no
1021,0,male,42,15,yes,4,17,6,5,no
1026,0,female,47,15,yes,4,17,5,5,no
1027,0,male,22,1.5,no,4,16,5,4,no
1030,0,female,32,10,yes,3,12,1,4,no
1031,0,female,22,7,yes,1,14,3,5,no
1034,0,female,32,10,yes,4,17,5,4,no
1037,0,male,27,1.5,yes,2,16,2,4,no
1038,0,male,37,15,yes,4,14,5,5,no
1039,0,male,42,4,yes,3,14,4,5,no
1045,0,female,37,15,yes,5,14,5,4,no
1046,0,female,32,7,yes,4,17,5,5,no
1054,0,female,42,15,yes,4,18,6,5,no
1059,0,male,27,4,no,4,18,6,4,no
1063,0,male,22,0.75,no,4,18,6,5,no
1068,0,male,27,4,yes,4,14,5,3,no
1070,0,female,22,0.75,no,5,18,1,5,no
1072,0,female,52,15,yes,5,9,5,5,no
1073,0,male,32,10,yes,3,14,5,5,no
1077,0,female,37,15,yes,4,16,4,4,no
1081,0,male,32,7,yes,2,20,5,4,no
1083,0,female,42,15,yes,3,18,1,4,no
1084,0,male,32,15,yes,1,16,5,5,no
1086,0,male,27,4,yes,3,18,5,5,no
1087,0,female,32,15,yes,4,12,3,4,no
1089,0,male,22,0.75,yes,3,14,2,4,no
1096,0,female,22,1.5,no,3,16,5,3,no
1102,0,female,42,15,yes,4,14,3,5,no
1103,0,female,52,15,yes,3,16,5,4,no
1107,0,male,37,15,yes,5,20,6,4,no
1109,0,female,47,15,yes,4,12,2,3,no
1115,0,male,57,15,yes,2,20,6,4,no
1119,0,male,32,7,yes,4,17,5,5,no
1124,0,female,27,7,yes,4,17,1,4,no
1126,0,male,22,1.5,no,1,18,6,5,no
1128,0,female,22,4,yes,3,9,1,4,no
1129,0,female,22,1.5,no,2,14,1,5,no
1130,0,male,42,15,yes,2,20,6,4,no
1133,0,male,57,15,yes,4,9,2,4,no
1140,0,female,27,7,yes,2,18,1,5,no
1143,0,female,22,4,yes,3,14,1,5,no
1146,0,male,37,15,yes,4,14,5,3,no
1153,0,male,32,7,yes,1,18,6,4,no
1156,0,female,22,1.5,no,2,14,5,5,no
1157,0,female,22,1.5,yes,3,12,1,3,no
1158,0,male,52,15,yes,2,14,5,5,no
1160,0,female,37,15,yes,2,14,1,1,no
1161,0,female,32,10,yes,2,14,5,5,no
1166,0,male,42,15,yes,4,20,4,5,no
1177,0,female,27,4,yes,3,18,4,5,no
1178,0,male,37,15,yes,4,20,6,5,no
1180,0,male,27,1.5,no,3,18,5,5,no
1187,0,female,22,0.125,no,2,16,6,3,no
1191,0,male,32,10,yes,2,20,6,3,no
1195,0,female,27,4,no,4,18,5,4,no
1207,0,female,27,7,yes,2,12,5,1,no
1208,0,male,32,4,yes,5,18,6,3,no
1209,0,female,37,15,yes,2,17,5,5,no
1211,0,male,47,15,no,4,20,6,4,no
1215,0,male,27,1.5,no,1,18,5,5,no
1221,0,male,37,15,yes,4,20,6,4,no
1226,0,female,32,15,yes,4,18,1,4,no
1229,0,female,32,7,yes,4,17,5,4,no
1231,0,female,42,15,yes,3,14,1,3,no
1234,0,female,27,7,yes,3,16,1,4,no
1235,0,male,27,1.5,no,3,16,4,2,no
1242,0,male,22,1.5,no,3,16,3,5,no
1245,0,male,27,4,yes,3,16,4,2,no
1260,0,female,27,7,yes,3,12,1,2,no
1266,0,female,37,15,yes,2,18,5,4,no
1271,0,female,37,7,yes,3,14,4,4,no
1273,0,male,22,1.5,no,2,16,5,5,no
1276,0,male,37,15,yes,5,20,5,4,no
1280,0,female,22,1.5,no,4,16,5,3,no
1282,0,female,32,10,yes,4,16,1,5,no
1285,0,male,27,4,no,2,17,5,3,no
1295,0,female,22,0.417,no,4,14,5,5,no
1298,0,female,27,4,no,2,18,5,5,no
1299,0,male,37,15,yes,4,18,5,3,no
1304,0,male,37,10,yes,5,20,7,4,no
1305,0,female,27,7,yes,2,14,4,2,no
1311,0,male,32,4,yes,2,16,5,5,no
1314,0,male,32,4,yes,2,16,6,4,no
1319,0,male,22,1.5,no,3,18,4,5,no
1322,0,female,22,4,yes,4,14,3,4,no
1324,0,female,17.5,0.75,no,2,18,5,4,no
1327,0,male,32,10,yes,4,20,4,5,no
1328,0,female,32,0.75,no,5,14,3,3,no
1330,0,male,37,15,yes,4,17,5,3,no
1332,0,male,32,4,no,3,14,4,5,no
1333,0,female,27,1.5,no,2,17,3,2,no
1336,0,female,22,7,yes,4,14,1,5,no
1341,0,male,47,15,yes,5,14,6,5,no
1344,0,male,27,4,yes,1,16,4,4,no
1352,0,female,37,15,yes,5,14,1,3,no
1358,0,male,42,4,yes,4,18,5,5,no
1359,0,female,32,4,yes,2,14,1,5,no
1361,0,male,52,15,yes,2,14,7,4,no
1364,0,female,22,1.5,no,2,16,1,4,no
1368,0,male,52,15,yes,4,12,2,4,no
1384,0,female,22,0.417,no,3,17,1,5,no
1390,0,female,22,1.5,no,2,16,5,5,no
1393,0,male,27,4,yes,4,20,6,4,no
1394,0,female,32,15,yes,4,14,1,5,no
1402,0,female,27,1.5,no,2,16,3,5,no
1407,0,male,32,4,no,1,20,6,5,no
1408,0,male,37,15,yes,3,20,6,4,no
1412,0,female,32,10,no,2,16,6,5,no
1413,0,female,32,10,yes,5,14,5,5,no
1416,0,male,37,1.5,yes,4,18,5,3,no
1417,0,male,32,1.5,no,2,18,4,4,no
1418,0,female,32,10,yes,4,14,1,4,no
1419,0,female,47,15,yes,4,18,5,4,no
1420,0,female,27,10,yes,5,12,1,5,no
1423,0,male,27,4,yes,3,16,4,5,no
1424,0,female,37,15,yes,4,12,4,2,no
1432,0,female,27,0.75,no,4,16,5,5,no
1433,0,female,37,15,yes,4,16,1,5,no
1437,0,female,32,15,yes,3,16,1,5,no
1438,0,female,27,10,yes,2,16,1,5,no
1439,0,male,27,7,no,2,20,6,5,no
1446,0,female,37,15,yes,2,14,1,3,no
1450,0,male,27,1.5,yes,2,17,4,4,no
1451,0,female,22,0.75,yes,2,14,1,5,no
1452,0,male,22,4,yes,4,14,2,4,no
1453,0,male,42,0.125,no,4,17,6,4,no
1456,0,male,27,1.5,yes,4,18,6,5,no
1464,0,male,27,7,yes,3,16,6,3,no
1469,0,female,52,15,yes,4,14,1,3,no
1473,0,male,27,1.5,no,5,20,5,2,no
1481,0,female,27,1.5,no,2,16,5,5,no
1482,0,female,27,1.5,no,3,17,5,5,no
1496,0,male,22,0.125,no,5,16,4,4,no
1497,0,female,27,4,yes,4,16,1,5,no
1504,0,female,27,4,yes,4,12,1,5,no
1513,0,female,47,15,yes,2,14,5,5,no
1515,0,female,32,15,yes,3,14,5,3,no
1534,0,male,42,7,yes,2,16,5,5,no
1535,0,male,22,0.75,no,4,16,6,4,no
1536,0,male,27,0.125,no,3,20,6,5,no
1540,0,male,32,10,yes,3,20,6,5,no
1551,0,female,22,0.417,no,5,14,4,5,no
1555,0,female,47,15,yes,5,14,1,4,no
1557,0,female,32,10,yes,3,14,1,5,no
1566,0,male,57,15,yes,4,17,5,5,no
1567,0,male,27,4,yes,3,20,6,5,no
1576,0,female,32,7,yes,4,17,1,5,no
1584,0,female,37,10,yes,4,16,1,5,no
1585,0,female,32,10,yes,1,18,1,4,no
1590,0,female,22,4,no,3,14,1,4,no
1594,0,female,27,7,yes,4,14,3,2,no
1595,0,male,57,15,yes,5,18,5,2,no
1603,0,male,32,7,yes,2,18,5,5,no
1608,0,female,27,1.5,no,4,17,1,3,no
1609,0,male,22,1.5,no,4,14,5,5,no
1615,0,female,22,1.5,yes,4,14,5,4,no
1616,0,female,32,7,yes,3,16,1,5,no
1617,0,female,47,15,yes,3,16,5,4,no
1620,0,female,22,0.75,no,3,16,1,5,no
1621,0,female,22,1.5,yes,2,14,5,5,no
1637,0,female,27,4,yes,1,16,5,5,no
1638,0,male,52,15,yes,4,16,5,5,no
1650,0,male,32,10,yes,4,20,6,5,no
1654,0,male,47,15,yes,4,16,6,4,no
1665,0,female,27,7,yes,2,14,1,2,no
1670,0,female,22,1.5,no,4,14,4,5,no
1671,0,female,32,10,yes,2,16,5,4,no
1675,0,female,22,0.75,no,2,16,5,4,no
1688,0,female,22,1.5,no,2,16,5,5,no
1691,0,female,42,15,yes,3,18,6,4,no
1695,0,female,27,7,yes,5,14,4,5,no
1698,0,male,42,15,yes,4,16,4,4,no
1704,0,female,57,15,yes,3,18,5,2,no
1705,0,male,42,15,yes,3,18,6,2,no
1711,0,female,32,7,yes,2,14,1,2,no
1719,0,male,22,4,no,5,12,4,5,no
1723,0,female,22,1.5,no,1,16,6,5,no
1726,0,female,22,0.75,no,1,14,4,5,no
1749,0,female,32,15,yes,4,12,1,5,no
1752,0,male,22,1.5,no,2,18,5,3,no
1754,0,male,27,4,yes,5,17,2,5,no
1758,0,female,27,4,yes,4,12,1,5,no
1761,0,male,42,15,yes,5,18,5,4,no
1773,0,male,32,1.5,no,2,20,7,3,no
1775,0,male,57,15,no,4,9,3,1,no
1786,0,male,37,7,no,4,18,5,5,no
1793,0,male,52,15,yes,2,17,5,4,no
1799,0,male,47,15,yes,4,17,6,5,no
1803,0,female,27,7,no,2,17,5,4,no
1806,0,female,27,7,yes,4,14,5,5,no
1807,0,female,22,4,no,2,14,3,3,no
1808,0,male,37,7,yes,2,20,6,5,no
1814,0,male,27,7,no,4,12,4,3,no
1815,0,male,42,10,yes,4,18,6,4,no
1818,0,female,22,1.5,no,3,14,1,5,no
1827,0,female,22,4,yes,2,14,1,3,no
1834,0,female,57,15,no,4,20,6,5,no
1835,0,male,37,15,yes,4,14,4,3,no
1843,0,female,27,7,yes,3,18,5,5,no
1846,0,female,17.5,10,no,4,14,4,5,no
1850,0,male,22,4,yes,4,16,5,5,no
1851,0,female,27,4,yes,2,16,1,4,no
1854,0,female,37,15,yes,2,14,5,1,no
1859,0,female,22,1.5,no,5,14,1,4,no
1861,0,male,27,7,yes,2,20,5,4,no
1866,0,male,27,4,yes,4,14,5,5,no
1873,0,male,22,0.125,no,1,16,3,5,no
1875,0,female,27,7,yes,4,14,1,4,no
1885,0,female,32,15,yes,5,16,5,3,no
1892,0,male,32,10,yes,4,18,5,4,no
1895,0,female,32,15,yes,2,14,3,4,no
1896,0,female,22,1.5,no,3,17,5,5,no
1897,0,male,27,4,yes,4,17,4,4,no
1899,0,female,52,15,yes,5,14,1,5,no
1904,0,female,27,7,yes,2,12,1,2,no
1905,0,female,27,7,yes,3,12,1,4,no
1908,0,female,42,15,yes,2,14,1,4,no
1916,0,female,42,15,yes,4,14,5,4,no
1918,0,male,27,7,yes,4,14,3,3,no
1920,0,male,27,7,yes,2,20,6,2,no
1930,0,female,42,15,yes,3,12,3,3,no
1940,0,male,27,4,yes,3,16,3,5,no
1947,0,female,27,7,yes,3,14,1,4,no
1949,0,female,22,1.5,no,2,14,4,5,no
1951,0,female,27,4,yes,4,14,1,4,no
1952,0,female,22,4,no,4,14,5,5,no
1960,0,female,22,1.5,no,2,16,4,5,no
9001,0,male,47,15,no,4,14,5,4,no
9012,0,male,37,10,yes,2,18,6,2,no
9023,0,male,37,15,yes,3,17,5,4,no
9029,0,female,27,4,yes,2,16,1,4,no
6,3,male,27,1.5,no,3,18,4,4,yes
12,3,female,27,4,yes,3,17,1,5,yes
43,7,male,37,15,yes,5,18,6,2,yes
53,12,female,32,10,yes,3,17,5,2,yes
67,1,male,22,0.125,no,4,16,5,5,yes
79,1,female,22,1.5,yes,2,14,1,5,yes
122,12,male,37,15,yes,4,14,5,2,yes
126,7,female,22,1.5,no,2,14,3,4,yes
133,2,male,37,15,yes,2,18,6,4,yes
138,3,female,32,15,yes,4,12,3,2,yes
154,1,female,37,15,yes,4,14,4,2,yes
159,7,female,42,15,yes,3,17,1,4,yes
174,12,female,42,15,yes,5,9,4,1,yes
176,12,male,37,10,yes,2,20,6,2,yes
181,12,female,32,15,yes,3,14,1,2,yes
182,3,male,27,4,no,1,18,6,5,yes
186,7,male,37,10,yes,2,18,7,3,yes
189,7,female,27,4,no,3,17,5,5,yes
204,1,male,42,15,yes,4,16,5,5,yes
215,1,female,47,15,yes,5,14,4,5,yes
232,7,female,27,4,yes,3,18,5,4,yes
233,1,female,27,7,yes,5,14,1,4,yes
252,12,male,27,1.5,yes,3,17,5,4,yes
253,12,female,27,7,yes,4,14,6,2,yes
274,3,female,42,15,yes,4,16,5,4,yes
275,7,female,27,10,yes,4,12,7,3,yes
287,1,male,27,1.5,no,2,18,5,2,yes
288,1,male,32,4,no,4,20,6,4,yes
325,1,female,27,7,yes,3,14,1,3,yes
328,3,female,32,10,yes,4,14,1,4,yes
344,3,male,27,4,yes,2,18,7,2,yes
353,1,female,17.5,0.75,no,5,14,4,5,yes
354,1,female,32,10,yes,4,18,1,5,yes
367,7,female,32,7,yes,2,17,6,4,yes
369,7,male,37,15,yes,2,20,6,4,yes
390,7,female,37,10,no,1,20,5,3,yes
392,12,female,32,10,yes,2,16,5,5,yes
423,7,male,52,15,yes,2,20,6,4,yes
432,7,female,42,15,yes,1,12,1,3,yes
436,1,male,52,15,yes,2,20,6,3,yes
483,2,male,37,15,yes,3,18,6,5,yes
513,12,female,22,4,no,3,12,3,4,yes
516,12,male,27,7,yes,1,18,6,2,yes
518,1,male,27,4,yes,3,18,5,5,yes
520,12,male,47,15,yes,4,17,6,5,yes
526,12,female,42,15,yes,4,12,1,1,yes
528,7,male,27,4,no,3,14,3,4,yes
553,7,female,32,7,yes,4,18,4,5,yes
576,1,male,32,0.417,yes,3,12,3,4,yes
611,3,male,47,15,yes,5,16,5,4,yes
625,12,male,37,15,yes,2,20,5,4,yes
635,7,male,22,4,yes,2,17,6,4,yes
646,1,male,27,4,no,2,14,4,5,yes
657,7,female,52,15,yes,5,16,1,3,yes
659,1,male,27,4,no,3,14,3,3,yes
666,1,female,27,10,yes,4,16,1,4,yes
679,1,male,32,7,yes,3,14,7,4,yes
729,7,male,32,7,yes,2,18,4,1,yes
755,3,male,22,1.5,no,1,14,3,2,yes
758,7,male,22,4,yes,3,18,6,4,yes
770,7,male,42,15,yes,4,20,6,4,yes
786,2,female,57,15,yes,1,18,5,4,yes
797,7,female,32,4,yes,3,18,5,2,yes
811,1,male,27,4,yes,1,16,4,4,yes
834,7,male,32,7,yes,4,16,1,4,yes
858,2,male,57,15,yes,1,17,4,4,yes
885,7,female,42,15,yes,4,14,5,2,yes
893,7,male,37,10,yes,1,18,5,3,yes
927,3,male,42,15,yes,3,17,6,1,yes
928,1,female,52,15,yes,3,14,4,4,yes
933,2,female,27,7,yes,3,17,5,3,yes
951,12,male,32,7,yes,2,12,4,2,yes
968,1,male,22,4,no,4,14,2,5,yes
972,3,male,27,7,yes,3,18,6,4,yes
975,12,female,37,15,yes,1,18,5,5,yes
977,7,female,32,15,yes,3,17,1,3,yes
981,7,female,27,7,no,2,17,5,5,yes
986,1,female,32,7,yes,3,17,5,3,yes
1002,1,male,32,1.5,yes,2,14,2,4,yes
1007,12,female,42,15,yes,4,14,1,2,yes
1011,7,male,32,10,yes,3,14,5,4,yes
1035,7,male,37,4,yes,1,20,6,3,yes
1050,1,female,27,4,yes,2,16,5,3,yes
1056,12,female,42,15,yes,3,14,4,3,yes
1057,1,male,27,10,yes,5,20,6,5,yes
1075,12,male,37,10,yes,2,20,6,2,yes
1080,12,female,27,7,yes,1,14,3,3,yes
1125,3,female,27,7,yes,4,12,1,2,yes
1131,3,male,32,10,yes,2,14,4,4,yes
1138,12,female,17.5,0.75,yes,2,12,1,3,yes
1150,12,female,32,15,yes,3,18,5,4,yes
1163,2,female,22,7,no,4,14,4,3,yes
1169,1,male,32,7,yes,4,20,6,5,yes
1198,7,male,27,4,yes,2,18,6,2,yes
1204,1,female,22,1.5,yes,5,14,5,3,yes
1218,12,female,32,15,no,3,17,5,1,yes
1230,12,female,42,15,yes,2,12,1,2,yes
1236,7,male,42,15,yes,3,20,5,4,yes
1247,12,male,32,10,no,2,18,4,2,yes
1259,12,female,32,15,yes,3,9,1,1,yes
1294,7,male,57,15,yes,5,20,4,5,yes
1353,12,male,47,15,yes,4,20,6,4,yes
1370,2,female,42,15,yes,2,17,6,3,yes
1427,12,male,37,15,yes,3,17,6,3,yes
1445,12,male,37,15,yes,5,17,5,2,yes
1460,7,male,27,10,yes,2,20,6,4,yes
1480,2,male,37,15,yes,2,16,5,4,yes
1505,12,female,32,15,yes,1,14,5,2,yes
1543,7,male,32,10,yes,3,17,6,3,yes
1548,2,male,37,15,yes,4,18,5,1,yes
1550,7,female,27,1.5,no,2,17,5,5,yes
1561,3,female,47,15,yes,2,17,5,2,yes
1564,12,male,37,15,yes,2,17,5,4,yes
1573,12,female,27,4,no,2,14,5,5,yes
1575,2,female,27,10,yes,4,14,1,5,yes
1599,1,female,22,4,yes,3,16,1,3,yes
1622,12,male,52,7,no,4,16,5,5,yes
1629,2,female,27,4,yes,1,16,3,5,yes
1664,7,female,37,15,yes,2,17,6,4,yes
1669,2,female,27,4,no,1,17,3,1,yes
1674,12,female,17.5,0.75,yes,2,12,3,5,yes
1682,7,female,32,15,yes,5,18,5,4,yes
1685,7,female,22,4,no,1,16,3,5,yes
1697,2,male,32,4,yes,4,18,6,4,yes
1716,1,female,22,1.5,yes,3,18,5,2,yes
1730,3,female,42,15,yes,2,17,5,4,yes
1731,1,male,32,7,yes,4,16,4,4,yes
1732,12,male,37,15,no,3,14,6,2,yes
1743,1,male,42,15,yes,3,16,6,3,yes
1751,1,male,27,4,yes,1,18,5,4,yes
1757,2,male,37,15,yes,4,20,7,3,yes
1763,7,male,37,15,yes,3,20,6,4,yes
1766,3,male,22,1.5,no,2,12,3,3,yes
1772,3,male,32,4,yes,3,20,6,2,yes
1776,2,male,32,15,yes,5,20,6,5,yes
1782,12,female,52,15,yes,1,18,5,5,yes
1784,12,male,47,15,no,1,18,6,5,yes
1791,3,female,32,15,yes,4,16,4,4,yes
1831,7,female,32,15,yes,3,14,3,2,yes
1840,7,female,27,7,yes,4,16,1,2,yes
1844,12,male,42,15,yes,3,18,6,2,yes
1856,7,female,42,15,yes,2,14,3,2,yes
1876,12,male,27,7,yes,2,17,5,4,yes
1929,3,male,32,10,yes,4,14,4,3,yes
1935,7,male,47,15,yes,3,16,4,2,yes
1938,1,male,22,1.5,yes,1,12,2,5,yes
1941,7,female,32,10,yes,2,18,5,4,yes
1954,2,male,32,10,yes,2,17,6,5,yes
1959,2,male,22,7,yes,3,18,6,2,yes
